id,title,description,link,image_link,availability,price,brand,condition,google_product_category,product_type,item_group_id
portrait-skin-brushes-procreate,Portrait Skin Brushes for Procreate,"19 professional Procreate skin brushes for realistic pores, freckles, wrinkles and textured blending. Instant .brushset download for iPad, $5.00.",https://digikitpro.shop/products/portrait-skin-brushes-procreate/,https://digikitpro.shop/assets/products/portrait-skin-brushes-procreate/portrait-skin-brushes-procreate.webp,in stock,5.00 USD,DigiKitPro,new,Software > Multimedia & Design Software > Design Software,DigiKitPro > Skin Texture,Skin Texture
artista-studio-kit-76-brushes,Artista Studio Kit: 76 Procreate Brushes,"76 pro Procreate brushes in one organized studio kit: linework, sketching, shading, graphite, markers, textures & effects. Instant download, $5.00.",https://digikitpro.shop/products/artista-studio-kit-76-brushes/,https://digikitpro.shop/assets/products/artista-studio-kit-76-brushes/artista-studio-kit-76-brushes.webp,in stock,5.00 USD,DigiKitPro,new,Software > Multimedia & Design Software > Design Software,DigiKitPro > Portrait,Portrait
portrait-mastery-kit-46-brushes,Portrait Mastery Kit: 46 Procreate Brushes,"Complete 46-brush Procreate portrait kit with 4 paper textures: sketch, ink, blend, hair, detail, texture & finish. Procreate 5+. Instant download, $8.00.",https://digikitpro.shop/products/portrait-mastery-kit-46-brushes/,https://digikitpro.shop/assets/products/portrait-mastery-kit-46-brushes/portrait-mastery-kit-46-brushes.webp,in stock,8.00 USD,DigiKitPro,new,Software > Multimedia & Design Software > Design Software,DigiKitPro > Portrait,Portrait
essential-line-art-sketch-kit,Essential Line Art & Sketch Kit for Procreate,"Clean lines and natural sketches: 43 Procreate brushes for pencils, liners, ink & detail, plus a bonus paper-texture brush. Instant download, $5.00.",https://digikitpro.shop/products/essential-line-art-sketch-kit/,https://digikitpro.shop/assets/products/essential-line-art-sketch-kit/essential-line-art-sketch-kit.webp,in stock,5.00 USD,DigiKitPro,new,Software > Multimedia & Design Software > Design Software,DigiKitPro > Line Art,Line Art
ultimate-portrait-mastery-bundle,Ultimate Portrait Mastery Bundle: 4 Procreate Kits,"4 pro portrait kits in one bundle: 43 line-art + 19 skin + 160 hair stamps + 30 glitter brushes for Procreate. Instant download, $15.00.",https://digikitpro.shop/products/ultimate-portrait-mastery-bundle/,https://digikitpro.shop/assets/products/ultimate-portrait-mastery-bundle/ultimate-portrait-mastery-bundle.webp,in stock,15.00 USD,DigiKitPro,new,Software > Multimedia & Design Software > Design Software,DigiKitPro > Bundles,Bundles
anime-soft-style-studio-kit,Anime Soft-Style Studio Kit: 100+ Procreate Brushes,"100+ Procreate brushes engineered for the soft anime look: manga ink liners, seamless blending, watercolor textures & glowing details, $5.00.",https://digikitpro.shop/products/anime-soft-style-studio-kit/,https://digikitpro.shop/assets/products/anime-soft-style-studio-kit/anime-soft-style-studio-kit.webp,in stock,5.00 USD,DigiKitPro,new,Software > Multimedia & Design Software > Design Software,DigiKitPro > Anime,Anime
glitter-brushes-sparkle-shine-30,30 Glitter Procreate Brushes: Sparkle & Shine Set,"30 Procreate glitter brushes for sparkle, glow, jewelry, makeup and lettering highlights. Apple Pencil ready, instant .brushset download, $5.00.",https://digikitpro.shop/products/glitter-brushes-sparkle-shine-30/,https://digikitpro.shop/assets/products/glitter-brushes-sparkle-shine-30/glitter-brushes-sparkle-shine-30.webp,in stock,5.00 USD,DigiKitPro,new,Software > Multimedia & Design Software > Design Software,DigiKitPro > Glitter & Effects,Glitter & Effects
watercolor-studio-kit-50-brushes,50+ Realistic Watercolor Studio Kit for Procreate,"50+ Procreate watercolor brushes with real pigment flow, organic bleed & paper grain, 30-brush pigment core plus 5 blenders. Instant download, $10.00.",https://digikitpro.shop/products/watercolor-studio-kit-50-brushes/,https://digikitpro.shop/assets/products/watercolor-studio-kit-50-brushes/watercolor-studio-kit-50-brushes.webp,in stock,10.00 USD,DigiKitPro,new,Software > Multimedia & Design Software > Design Software,DigiKitPro > Watercolor,Watercolor
professional-digital-sketchbook,Professional Digital Sketchbook for Procreate,"A complete sketchbook system for Procreate: sketching brushes, seamless paper textures & torn-paper stamps for authentic traditional feel, $5.00.",https://digikitpro.shop/products/professional-digital-sketchbook/,https://digikitpro.shop/assets/products/professional-digital-sketchbook/professional-digital-sketchbook.webp,in stock,5.00 USD,DigiKitPro,new,Software > Multimedia & Design Software > Design Software,DigiKitPro > Sketching,Sketching
liner-marker-studio-39-brushes,Professional Liner & Marker Studio: 39 High-Fidelity Brushes,"39 liner & marker brushes for Procreate: technical-pen precision plus wet marker saturation for manga, character and concept art, $5.00.",https://digikitpro.shop/products/liner-marker-studio-39-brushes/,https://digikitpro.shop/assets/products/liner-marker-studio-39-brushes/liner-marker-studio-39-brushes.webp,in stock,5.00 USD,DigiKitPro,new,Software > Multimedia & Design Software > Design Software,DigiKitPro > Line Art,Line Art
professional-charcoal-studio,Professional Charcoal Studio for Procreate,"Authentic Procreate charcoal brushes with real carbon grit, deep blacks & paper tooth for expressive drawing and value studies, $5.00.",https://digikitpro.shop/products/professional-charcoal-studio/,https://digikitpro.shop/assets/products/professional-charcoal-studio/professional-charcoal-studio.webp,in stock,5.00 USD,DigiKitPro,new,Software > Multimedia & Design Software > Design Software,DigiKitPro > Traditional,Traditional
male-pose-brushes-figure-drawing,Male Pose Procreate Brushes: Figure Drawing Stamps,"Professional male pose stamps for Procreate: build accurate anatomy and dynamic figures in minutes on iPad. Instant .brushset download, $5.00.",https://digikitpro.shop/products/male-pose-brushes-figure-drawing/,https://digikitpro.shop/assets/products/male-pose-brushes-figure-drawing/male-pose-brushes-figure-drawing.webp,in stock,5.00 USD,DigiKitPro,new,Software > Multimedia & Design Software > Design Software,DigiKitPro > Figure Drawing,Figure Drawing
female-pose-brushes-figure-drawing,Female Pose Procreate Brushes: Figure Drawing Stamps,"Dynamic female pose stamps for Procreate: accurate anatomy and balanced figures in minutes for characters, covers & KDP interiors, $5.00.",https://digikitpro.shop/products/female-pose-brushes-figure-drawing/,https://digikitpro.shop/assets/products/female-pose-brushes-figure-drawing/female-pose-brushes-figure-drawing.webp,in stock,5.00 USD,DigiKitPro,new,Software > Multimedia & Design Software > Design Software,DigiKitPro > Figure Drawing,Figure Drawing
procreate-mega-bundle-650,650 Procreate Brushes Mega Bundle,"650+ Procreate brushes & paper textures in one mega bundle, portrait, line art, watercolor, anime & effects. Save 80%+. Instant download, $20.00.",https://digikitpro.shop/products/procreate-mega-bundle-650/,https://digikitpro.shop/assets/products/procreate-mega-bundle-650/procreate-mega-bundle-650.webp,in stock,20.00 USD,DigiKitPro,new,Software > Multimedia & Design Software > Design Software,DigiKitPro > Bundles,Bundles
dreamy-pastel-art-kit,The Dreamy Pastel Art Kit for Procreate,"Dreamy pastel brushes for Procreate: soft grain, organic texture & effortless blending for cozy lofi art, portraits and landscapes, $5.00.",https://digikitpro.shop/products/dreamy-pastel-art-kit/,https://digikitpro.shop/assets/products/dreamy-pastel-art-kit/dreamy-pastel-art-kit.webp,in stock,5.00 USD,DigiKitPro,new,Software > Multimedia & Design Software > Design Software,DigiKitPro > Traditional,Traditional
hair-hairstyle-stamp-kit,Professional Hair & Hairstyle Stamp Kit for Procreate,"160 Procreate hair stamps for instant volume, flow and hairstyles. The pro foundation for portrait hair on iPad. Instant download, $5.00.",https://digikitpro.shop/products/hair-hairstyle-stamp-kit/,https://digikitpro.shop/assets/products/hair-hairstyle-stamp-kit/hair-hairstyle-stamp-kit.webp,in stock,5.00 USD,DigiKitPro,new,Software > Multimedia & Design Software > Design Software,DigiKitPro > Hair,Hair
premium-texture-effects-10-brushes,10 Premium Procreate Brushes Set: Texture & Effects,"10 premium texture & effects brushes for Procreate on iPad. Carefully crafted for professional finishes. Instant download, $5.00.",https://digikitpro.shop/products/premium-texture-effects-10-brushes/,https://digikitpro.shop/assets/products/premium-texture-effects-10-brushes/premium-texture-effects-10-brushes.webp,in stock,5.00 USD,DigiKitPro,new,Software > Multimedia & Design Software > Design Software,DigiKitPro > Glitter & Effects,Glitter & Effects
premium-hair-brushes-10,10 Premium Hair Brushes for Procreate,"10 realistic hair brushes for Procreate: flowing strands, texture & volume for portraits on iPad. Instant .brushset download, $5.00.",https://digikitpro.shop/products/premium-hair-brushes-10/,https://digikitpro.shop/assets/products/premium-hair-brushes-10/premium-hair-brushes-10.webp,in stock,5.00 USD,DigiKitPro,new,Software > Multimedia & Design Software > Design Software,DigiKitPro > Hair,Hair
master-library-2000-brushes,"The DigiKitPro Master Library: 2,000+ Procreate Brushes","The complete 2,000+ brush DigiKitPro Master Library for Procreate: every style organized into one pro toolkit. Instant download, $19.00.",https://digikitpro.shop/products/master-library-2000-brushes/,https://digikitpro.shop/assets/products/master-library-2000-brushes/master-library-2000-brushes.webp,in stock,19.00 USD,DigiKitPro,new,Software > Multimedia & Design Software > Design Software,DigiKitPro > Bundles,Bundles
tattoo-artist-studio-kit-200,Tattoo Artist's Studio Kit: 200+ Procreate Brushes,"200+ tattoo brushes for Procreate: needle-weight lines, dotwork & stipple for pro flash design on iPad. Instant download, $10.00.",https://digikitpro.shop/products/tattoo-artist-studio-kit-200/,https://digikitpro.shop/assets/products/tattoo-artist-studio-kit-200/tattoo-artist-studio-kit-200.webp,in stock,10.00 USD,DigiKitPro,new,Software > Multimedia & Design Software > Design Software,DigiKitPro > Other,Other
brush-palette-bundle-160,Procreate Brush & Color Palette Bundle: 160 Brushes + 12 Palettes,"160 pattern brushes & 12 curated color palettes for Procreate on iPad, instant creative toolkit for illustrators & designers, $5.00.",https://digikitpro.shop/products/brush-palette-bundle-160/,https://digikitpro.shop/assets/products/brush-palette-bundle-160/brush-palette-bundle-160.webp,in stock,5.00 USD,DigiKitPro,new,Software > Multimedia & Design Software > Design Software,DigiKitPro > Bundles,Bundles
koi-fish-tattoo-brushes,Koi Fish Tattoo Procreate Brushes,"Professional koi fish tattoo brushes for Procreate: bold, clean, detailed koi artwork on iPad. Instant .brushset download, $9.00.",https://digikitpro.shop/products/koi-fish-tattoo-brushes/,https://digikitpro.shop/assets/products/koi-fish-tattoo-brushes/koi-fish-tattoo-brushes.webp,in stock,9.00 USD,DigiKitPro,new,Software > Multimedia & Design Software > Design Software,DigiKitPro > Other,Other
animal-fur-brushes-2,"Animal Fur 2: 35 Fur, Hair & Feather Brushes","35 dynamic fur, hair & feather brushes for Procreate: realistic animal and fantasy art on iPad. Instant download, $5.00.",https://digikitpro.shop/products/animal-fur-brushes-2/,https://digikitpro.shop/assets/products/animal-fur-brushes-2/animal-fur-brushes-2.webp,in stock,5.00 USD,DigiKitPro,new,Software > Multimedia & Design Software > Design Software,DigiKitPro > Other,Other
illustration-brushes-2,Illustration Brushes 2 for Procreate,"15 authentic texture brushes + 5 color palettes for Procreate: children's book illustration & lettering. Instant download, $5.00.",https://digikitpro.shop/products/illustration-brushes-2/,https://digikitpro.shop/assets/products/illustration-brushes-2/illustration-brushes-2.webp,in stock,5.00 USD,DigiKitPro,new,Software > Multimedia & Design Software > Design Software,DigiKitPro > Other,Other
professional-hair-brushes,Professional Hair Brushes for Procreate,"Procreate hair brushes that paint believable strands, texture and volume fast, the pro hair system for iPad portraits, $5.00.",https://digikitpro.shop/products/professional-hair-brushes/,https://digikitpro.shop/assets/products/professional-hair-brushes/professional-hair-brushes.webp,in stock,5.00 USD,DigiKitPro,new,Software > Multimedia & Design Software > Design Software,DigiKitPro > Hair,Hair
organic-watercolor-80-brushes,80 Organic Brushes: Watercolor Studio Kit for Procreate,"80 organic watercolor brushes for Procreate with real bleed, pigment flow & paper grain. Instant iPad download, $5.00.",https://digikitpro.shop/products/organic-watercolor-80-brushes/,https://digikitpro.shop/assets/products/organic-watercolor-80-brushes/organic-watercolor-80-brushes.webp,in stock,5.00 USD,DigiKitPro,new,Software > Multimedia & Design Software > Design Software,DigiKitPro > Watercolor,Watercolor
anime-soft-style-brushes-100,"100+ Anime Soft Style Brushes: Watercolor, Shading & Line Art","100+ anime soft-style brushes for Procreate: watercolor, blending & expressive line art for dreamy manga illustration, $5.00.",https://digikitpro.shop/products/anime-soft-style-brushes-100/,https://digikitpro.shop/assets/products/anime-soft-style-brushes-100/anime-soft-style-brushes-100.webp,in stock,5.00 USD,DigiKitPro,new,Software > Multimedia & Design Software > Design Software,DigiKitPro > Anime,Anime
sketchbook-traditional-media-kit,Professional Sketchbook Procreate Brushes: Traditional Media & Drawing Kit,"Traditional media & drawing kit for Procreate: gritty textures, organic linework and blending that feel like a real sketchbook, $10.00.",https://digikitpro.shop/products/sketchbook-traditional-media-kit/,https://digikitpro.shop/assets/products/sketchbook-traditional-media-kit/sketchbook-traditional-media-kit.webp,in stock,10.00 USD,DigiKitPro,new,Software > Multimedia & Design Software > Design Software,DigiKitPro > Sketching,Sketching
procreate-palettes-bundle-50,Procreate Palettes Bundle: 50 Sets × 30 Swatches,"50 Procreate color palettes of 30 curated swatches each, 1,500 colors, cohesive artwork instantly. Instant download, $5.00.",https://digikitpro.shop/products/procreate-palettes-bundle-50/,https://digikitpro.shop/assets/products/procreate-palettes-bundle-50/procreate-palettes-bundle-50.webp,in stock,5.00 USD,DigiKitPro,new,Software > Multimedia & Design Software > Design Software,DigiKitPro > Other,Other
master-vault-1000-brushes,"Master Vault Mega Bundle: 1,000+ Procreate Brushes","1,000+ curated Procreate brushes in one Master Vault: skin, anime line-art, traditional textures & more. Instant download, $15.00.",https://digikitpro.shop/products/master-vault-1000-brushes/,https://digikitpro.shop/assets/products/master-vault-1000-brushes/master-vault-1000-brushes.webp,in stock,15.00 USD,DigiKitPro,new,Software > Multimedia & Design Software > Design Software,DigiKitPro > Bundles,Bundles
master-line-art-vault-300,Master Line-Art Vault: 300+ Fine Line Brushes,"300+ fine line brushes for Procreate: the all-in-one linework vault with precision, variety and authentic texture, $5.00.",https://digikitpro.shop/products/master-line-art-vault-300/,https://digikitpro.shop/assets/products/master-line-art-vault-300/master-line-art-vault-300.webp,in stock,5.00 USD,DigiKitPro,new,Software > Multimedia & Design Software > Design Software,DigiKitPro > Line Art,Line Art
mindfulness-system-planner,10-Minute Daily Mindfulness System: 57-Page Planner,"57-page digital mindfulness planner: 10-minute daily prompts, hyperlinked PDF + editable Canva template. Instant download, $5.00.",https://digikitpro.shop/products/mindfulness-system-planner/,https://digikitpro.shop/assets/products/mindfulness-system-planner/mindfulness-system-planner.webp,in stock,5.00 USD,DigiKitPro,new,Software > Multimedia & Design Software > Design Software,DigiKitPro > Other,Other
wellness-journal-2026,2026 Digital Wellness Journal,"Dated 2026 digital wellness journal: daily self-care, fitness & reflection pages to stay consistent all year, $5.00.",https://digikitpro.shop/products/wellness-journal-2026/,https://digikitpro.shop/assets/products/wellness-journal-2026/wellness-journal-2026.webp,in stock,5.00 USD,DigiKitPro,new,Software > Multimedia & Design Software > Design Software,DigiKitPro > Other,Other
wellness-fitness-planner-goodnotes,Digital Wellness & Fitness Planner for GoodNotes,"Digital wellness & fitness planner for GoodNotes: structured workouts, nutrition and goal planning on your device, $5.00.",https://digikitpro.shop/products/wellness-fitness-planner-goodnotes/,https://digikitpro.shop/assets/products/wellness-fitness-planner-goodnotes/wellness-fitness-planner-goodnotes.webp,in stock,5.00 USD,DigiKitPro,new,Software > Multimedia & Design Software > Design Software,DigiKitPro > Other,Other
adhd-planner-2026,Digital 2026 ADHD Balanced Mind Planner & Wellness Journal,"55-page digital ADHD planner & wellness journal for 2026: gentle routines, emotional regulation and focus tools, $7.00.",https://digikitpro.shop/products/adhd-planner-2026/,https://digikitpro.shop/assets/products/adhd-planner-2026/adhd-planner-2026.webp,in stock,7.00 USD,DigiKitPro,new,Software > Multimedia & Design Software > Design Software,DigiKitPro > Other,Other
japanese-watercolour-collection,Japanese Watercolour Collection: 43 Illustrations + Patterns,"43 Japanese-inspired watercolour illustrations, seamless patterns & posters for branding, stationery and print-on-demand, $9.00.",https://digikitpro.shop/products/japanese-watercolour-collection/,https://digikitpro.shop/assets/products/japanese-watercolour-collection/japanese-watercolour-collection.webp,in stock,9.00 USD,DigiKitPro,new,Software > Multimedia & Design Software > Design Software,DigiKitPro > Other,Other
wellness-journal-365,"Digital Wellness Journal: 365 Hyperlinked Pages, Dark Mode","365-page dark mode digital wellness journal: undated, hyperlinked minimalist planner for GoodNotes & Notability, $5.00.",https://digikitpro.shop/products/wellness-journal-365/,https://digikitpro.shop/assets/products/wellness-journal-365/wellness-journal-365.webp,in stock,5.00 USD,DigiKitPro,new,Software > Multimedia & Design Software > Design Software,DigiKitPro > Other,Other
pro-sketch-traditional-art-kit,Pro-Sketch Traditional Art Kit for Procreate,"Traditional media Procreate kit: wax crayon grain, oil pastel blends and authentic sketchbook texture for organic digital art, $5.00.",https://digikitpro.shop/products/pro-sketch-traditional-art-kit/,https://digikitpro.shop/assets/products/pro-sketch-traditional-art-kit/pro-sketch-traditional-art-kit.webp,in stock,5.00 USD,DigiKitPro,new,Software > Multimedia & Design Software > Design Software,DigiKitPro > Traditional,Traditional
smoke-brushes-12,Smoke Procreate Brushes: 12 Realistic Smoke Effects,"12 realistic smoke brushes for Procreate: cinematic overlays and atmospheric depth on iPad in seconds. Instant download, $4.00.",https://digikitpro.shop/products/smoke-brushes-12/,https://digikitpro.shop/assets/products/smoke-brushes-12/smoke-brushes-12.webp,in stock,4.00 USD,DigiKitPro,new,Software > Multimedia & Design Software > Design Software,DigiKitPro > Glitter & Effects,Glitter & Effects
kdp-templates-bundle-100,100+ Editable KDP Templates 2026: Canva Bundle,"100+ editable Canva templates for Amazon KDP: planners, journals, logbooks & workbooks, ready to customize and publish, $8.00.",https://digikitpro.shop/products/kdp-templates-bundle-100/,https://digikitpro.shop/assets/products/kdp-templates-bundle-100/kdp-templates-bundle-100.webp,in stock,8.00 USD,DigiKitPro,new,Software > Multimedia & Design Software > Design Software,DigiKitPro > Other,Other
tie-dye-brushes-studio,Tie Dye Brushes Studio for Procreate,"21 tie-dye brushes & stamps for Procreate: vibrant spirals and fabric textures for colorful iPad artwork. Instant download, $7.00.",https://digikitpro.shop/products/tie-dye-brushes-studio/,https://digikitpro.shop/assets/products/tie-dye-brushes-studio/tie-dye-brushes-studio.webp,in stock,7.00 USD,DigiKitPro,new,Software > Multimedia & Design Software > Design Software,DigiKitPro > Glitter & Effects,Glitter & Effects
christmas-brushes-bundle,Christmas Procreate Brushes Bundle,"Christmas Procreate bundle: 173 stamps & brushes, 44 washi tapes and festive extras for stunning holiday artwork on iPad, $8.00.",https://digikitpro.shop/products/christmas-brushes-bundle/,https://digikitpro.shop/assets/products/christmas-brushes-bundle/christmas-brushes-bundle.webp,in stock,8.00 USD,DigiKitPro,new,Software > Multimedia & Design Software > Design Software,DigiKitPro > Bundles,Bundles
undated-planner-dark-mode,Undated Digital Planner: Dark Mode,"Dark undated digital planner: Monday & Sunday start versions, fully hyperlinked, plus 1,000 stickers. Instant download, $7.00.",https://digikitpro.shop/products/undated-planner-dark-mode/,https://digikitpro.shop/assets/products/undated-planner-dark-mode/undated-planner-dark-mode.webp,in stock,7.00 USD,DigiKitPro,new,Software > Multimedia & Design Software > Design Software,DigiKitPro > Other,Other
morocco-7-day-itinerary,Discover Morocco in 7 Days: Marrakech to Sahara Itinerary,"7-day Morocco itinerary PDF: Marrakech, Fes, Atlas Mountains to the Sahara Desert, step by step. Instant download, $5.00.",https://digikitpro.shop/products/morocco-7-day-itinerary/,https://digikitpro.shop/assets/products/morocco-7-day-itinerary/morocco-7-day-itinerary.webp,in stock,5.00 USD,DigiKitPro,new,Software > Multimedia & Design Software > Design Software,DigiKitPro > Other,Other
ultimate-fitness-planner,Ultimate Fitness Planner for Peak Performance,"Digital fitness planner: goals, workouts, meal planning, habit trackers & self-care in one beautiful PDF. Instant download, $10.00.",https://digikitpro.shop/products/ultimate-fitness-planner/,https://digikitpro.shop/assets/products/ultimate-fitness-planner/ultimate-fitness-planner.webp,in stock,10.00 USD,DigiKitPro,new,Software > Multimedia & Design Software > Design Software,DigiKitPro > Other,Other
halloween-pumpkin-bundle,Halloween Spooky Pumpkin Bundle: 20 PNGs,"20 spooky pumpkin PNG illustrations at 300 DPI for Halloween designs, crafting and print-on-demand. Instant download, $4.00.",https://digikitpro.shop/products/halloween-pumpkin-bundle/,https://digikitpro.shop/assets/products/halloween-pumpkin-bundle/halloween-pumpkin-bundle.webp,in stock,4.00 USD,DigiKitPro,new,Software > Multimedia & Design Software > Design Software,DigiKitPro > Other,Other
procreate-portrait-masterclass-ebook,The Complete Procreate Portrait Masterclass (eBook),"107-page Procreate portrait coursebook: 15 chapters from construction and values to skin, hair and a complete portrait project, with checklists and a four-week plan.",https://digikitpro.shop/products/procreate-portrait-masterclass-ebook/,https://digikitpro.shop/assets/products/procreate-portrait-masterclass-ebook/procreate-portrait-masterclass-ebook.webp,in stock,19.00 USD,DigiKitPro,new,Software > Multimedia & Design Software > Design Software,DigiKitPro > Guides & eBooks,Guides & eBooks
